# My local addresses, some of which are actual accounts.
account  Palmer Dabbelt <palmer@dabbelt.com>
local    Palmer Dabbelt <palmer@gnu.org>
local    Palmer Dabbelt <palmer@kernel.org>
local    Palmer Dabbelt <palmer@gnupg.net>
local    Palmer Dabbelt <palmerandlulu@dabbelt.com>
account  Palmer Dabbelt <palmerdabbelt@google.com>

# Personal
alias palmer    Palmer Dabbelt <palmer@dabbelt.com>
alias lulu      Lulu Li <lilulu6@gmail.com>
alias cma       Charlie Ma <cma1681@gmail.com>
alias eric      Eric Love <ericlove@gmail.com>

# Family
alias dad       Dan Dabbelt <dan@dabbelt.com>
alias mom       Mary Jane Kennedy <mjk@dabbelt.com>
alias jwk       John Kennedy <johnwkennedy009@comcast.net>

# Upstream
alias arnd      Arnd Bergmann <arnd@arndb.de>
alias olof      Olof Johansson <olof@lixom.net>
alias hjl       H.J. Lu <hjl.tools@gmail.com>
alias nickc     Nick Clifton <nickc@redhat.com>
alias sfr       Stephen Rothwell <sfr@canb.auug.org.au>
alias linus     Linus Torvalds <torvalds@linux-foundation.org>
alias hch       Christoph Hellwig <hch@infradead.org>
address         Christoph Hellwig <hch@lst.de>
alias gregkh    Greg KH <gregkh@linuxfoundation.org>
alias pmm       Peter Maydell <peter.maydell@linaro.org>
alias mjc       Michael Clark <michaeljclark@mac.com>
alias paul      Paul Walmsley <paul.walmsley@sifive.com>
address         Paul Walmsley <paul@pwsan.com>
alias jimw      Jim Wilson <jimw@sifive.com>
alias maz       Mark Zyngier <maz@kernel.org>

# RISC-V
alias arun      Arun Thomas <arun.thomas@gmail.com>
alias asb       Alex Bradbury <asb@asbradbury.org>
alias darius    Darius Rad <darius@bluespec.com>
alias khem      Khem Raj <raj.khem@gmail.com>
alias hisen     Hisen Woo <hcwoo@me.com>
alias kito      Kito Cheng <kito.cheng@gmail.com>
alias lustig    Daniel Lustig <dlustig@nvidia.com>
alias eager     Michael Eager <eager@eagercon.com>
address         Rick O'Connor <rickoco@riscv.org>
alias atish     Atish Patra <Atish.Patra@wdc.com>
alias alistair  Alistair Francis <Alistair.Francis@wdc.com>
alias bastian   Bastian Koppelmann <kbastian@mail.uni-paderborn.de>
alias dave      David Patterson <pattrsn@berkeley.edu>
alias anup      Anup Patel <Anup.Patel@wdc.com>
alias damien    Damien Le Moal <Damien.LeMoal@wdc.com>
alias jefro     Jeffrey Osier-Mixon <jefro@linuxfoundation.org>
# FIXME: MHng isn't converting these to UTF-8
# alias bjorn     Björn Töpel <bjorn.topel@gmail.com>
alias bjorn     Bjorn Topel <bjorn.topel@gmail.com>
alias andrew    Andrew Waterman <andrew@sifive.com>

# Mailing Lists
alias libc-alpha       libc-alpha@sourceware.org
alias gcc-patches      gcc-patches@gcc.gnu.org
alias binutils-patches binutils@sourceware.org
alias riscv-patches    patches@groups.riscv.org
alias riscv-sw         sw-dev@groups.riscv.org
alias linux-kernel     linux-kernel@vger.kernel.org
alias linux-riscv      linux-riscv@lists.infradead.org
alias qemu-devel       qemu-devel@nongnu.org
alias qemu-riscv       qemu-riscv@nongnu.org
alias zephyr-silver    silver-members@lists.zephyrproject.org
alias riscv-platform   tech-unixplatformspec@lists.riscv.org

# Google
alias go        Palmer Dabbelt <palmerdabbelt@google.com>
alias si        Palmer Dabbelt <palmerdabbelt@google.com>
alias sandeep   Sandeep Patil <sspatil@google.com>
alias todd      Todd Kjos <tkjos@google.com>
alias will      Will Deacon <willdeacon@google.com>
alias iliyan    Iliyan Malchev <malchev@google.com>
alias qperet    Quentin Perret <qperret@google.com>
alias qperret   Quentin Perret <qperret@google.com>
